" ","23.02.2020","24.02.2020","25.02.2020","26.02.2020","27.02.2020","28.02.2020","29.02.2020","01.03.2020","02.03.2020","03.03.2020","04.03.2020","05.03.2020","06.03.2020","07.03.2020","08.03.2020","09.03.2020","10.03.2020","11.03.2020","12.03.2020","13.03.2020","14.03.2020","15.03.2020","16.03.2020","17.03.2020","18.03.2020","19.03.2020","20.03.2020","21.03.2020","22.03.2020","23.03.2020","24.03.2020","25.03.2020","26.03.2020","27.03.2020","28.03.2020","29.03.2020","30.03.2020","31.03.2020","01.04.2020","02.04.2020","03.04.2020","04.04.2020","05.04.2020","06.04.2020","07.04.2020","08.04.2020","09.04.2020","10.04.2020","11.04.2020","12.04.2020","13.04.2020","14.04.2020","15.04.2020","16.04.2020","17.04.2020","18.04.2020","19.04.2020","20.04.2020","21.04.2020","22.04.2020","23.04.2020","24.04.2020","25.04.2020"
Автономная Республика Аджария,2.9,1.8,2.2,1.8,1.8,2.1,2.5,3.2,2.1,2.4,1.9,1.9,2,2.4,2.6,2.1,2,2,2.2,2.2,2.7,2.9,2.7,2.8,3,3.1,3.3,3.6,3.8,3.4,3.7,3.7,3.8,3.6,3.8,4.1,3.8,3.7,3.8,3.8,3.6,3.9,3.9,3.7,3.9,3.6,3.9,3.6,3.7,4,3.6,3.5,3.6,4,4.1,4.3,4.4,4.2,4.5,4.3,4.1,3.9,4.1
Акмолинская область,2.55,0.8500000000000001,0.8500000000000001,0.8999999999999999,1.4500000000000002,0.8,1.9500000000000002,2.45,0.75,0.65,0.65,0.6000000000000001,0.7,1.9,2.5,2.45,0.7,0.7,0.7,0.7,2.0999999999999996,2.7,1.4,1.5499999999999998,1.65,1.9,1.9500000000000002,2.9,3.35,3.1,2.95,2.9000000000000004,2.15,2.25,3.0999999999999996,3.5,2.95,3,3.3499999999999996,3.45,3.4,3.8,4.05,3.3,3.3,3.25,3.3,3.15,3.4000000000000004,3.75,3,3.25,3.25,3.25,3.2,3.5,3.75,3.05,2.9,2.9,3,3.1,3.3499999999999996
Актюбинская область,2.5,1.2,1.1,1.2,1.2,1.1,2,2.5,1,1,1,0.9,1,1.9,2.3,2.3,1.1,1,1,1,2,2.6,1.6,1.7,1.8,1.8,1.9,2.6,2.8,2.8,2.7,2.6,1.9,2,2.7,3,1.9,2.9,3,3,3.1,3.5,3.6,3,3.7,3.7,3.6,3.4,3.5,3.8,3.4,3.3,3.2,3.3,3.2,3.5,3.7,3.4,3.3,3.4,3.3,3.3,3.6
Алматинская область,2.5999999999999996,1.15,1.0750000000000002,1.075,1.325,1.0750000000000002,1.95,2.3499999999999996,0.9249999999999999,1.025,0.9750000000000001,0.875,1,2.075,2.375,2.5,0.975,0.975,0.9500000000000001,0.9750000000000001,1.95,2.45,1.625,1.7,1.7750000000000001,2.175,2.25,2.7750000000000004,3.275,3.3,3.0999999999999996,3.15,2.55,2.5,3.15,3.4499999999999997,2.875,2.85,3.325,3.375,3.275,3.5250000000000004,3.725,3.25,3.2,3.425,3.5,3.3249999999999997,3.45,3.6,3.2499999999999996,3.05,3.5999999999999996,3.5,3.375,3.6,3.7249999999999996,3.35,3.25,3.2750000000000004,3.2249999999999996,3.325,3.475
Алтайский край,2.8,2.95,1.25,1.2,1.25,1.35,2.5,2.9,1.225,1.15,1.225,1.125,1.1,2.375,2.925,3.1500000000000004,1.35,1.2,1.2,1.1,2.375,3.025,1.225,1.15,1.2,1.25,1.375,2.5250000000000004,3.1500000000000004,1.475,1.45,1.4249999999999998,1.4249999999999998,1.5,2.9,3.3,2.625,2.875,3.175,3.3,3.1750000000000003,3.6,3.8,2.7,2.625,2.7250000000000005,2.675,2.5250000000000004,3.05,3.375,2.4749999999999996,2.35,2.425,2.4,2.25,2.95,3.2,2.3000000000000003,2.1999999999999997,2.2,2.3,2.175,2.8
Амурская область,2.6,2.733333333333333,0.9666666666666667,0.9666666666666667,0.9,0.8333333333333334,2.033333333333333,2.466666666666667,0.9,0.8333333333333334,0.8333333333333334,0.7333333333333334,0.7666666666666666,1.9000000000000001,2.4333333333333336,2.7000000000000006,0.9,0.8666666666666667,0.9666666666666667,0.9333333333333332,2.0666666666666664,2.6999999999999997,0.8666666666666667,0.8000000000000002,0.9333333333333332,0.8666666666666667,0.8666666666666667,2.0666666666666664,2.6666666666666665,1.1666666666666667,1.0999999999999999,1.1666666666666667,1.3333333333333333,1.2333333333333334,2.6,3.1666666666666665,2.2666666666666666,2.466666666666667,2.5666666666666664,2.733333333333333,2.5666666666666664,3.233333333333333,3.4333333333333336,2.2666666666666666,2.3333333333333335,2.1999999999999997,2.1,1.9333333333333336,2.533333333333333,2.9333333333333336,1.6333333333333335,1.6333333333333335,1.5,1.5333333333333332,1.5,2.4,3.1,2.1666666666666665,2.0666666666666664,2.033333333333333,1.8333333333333333,1.7666666666666666,2.4666666666666663
Архангельская область,3.033333333333333,3.1,1.3333333333333333,1.3333333333333333,1.3333333333333333,1.3666666666666665,2.533333333333333,2.9333333333333336,1.3666666666666665,1.3333333333333333,1.2666666666666666,1.2666666666666666,1.2666666666666666,2.4000000000000004,2.6999999999999997,3.033333333333333,1.3333333333333333,1.3333333333333333,1.3333333333333333,1.3,2.5,3,1.3666666666666665,1.3,1.4333333333333333,1.7333333333333332,1.7333333333333332,2.8333333333333335,3.233333333333333,1.8,1.7333333333333332,1.7333333333333332,1.8,1.8666666666666665,3.4,3.7999999999999994,3.1666666666666665,3.3333333333333335,3.5,3.533333333333333,3.4,3.9,3.966666666666667,3.0999999999999996,3.0666666666666664,3.033333333333333,3.0999999999999996,2.966666666666667,3.4666666666666663,3.733333333333333,2.8666666666666667,2.7999999999999994,2.8333333333333335,2.8333333333333335,2.766666666666667,3.4333333333333336,3.6333333333333333,2.766666666666667,2.7000000000000006,2.8000000000000003,2.866666666666667,2.733333333333333,3.466666666666667
Астраханская область,2.4,2.7,0.9,0.7,0.8,0.7,1.9,2.6,0.8,0.7,0.6,0.5,0.7,2,2.4,2.6,0.7,0.7,0.7,0.6,1.8,2.5,0.9,0.8,1.2,1.5,1.4,2.3,2.7,1.3,1.2,1.3,1.2,1.3,2.6,3.5,2.9,3.4,3.7,3.7,3.5,3.8,4,3.1,3.1,3,3,2.9,3.3,3.9,3.1,3,3,3,2.9,3.4,3.6,2.9,2.9,2.8,2.9,2.8,3.2
Атырауская область,2.3,0.7,0.8,0.8,0.8,0.8,1.8,2.2,0.7,0.7,0.7,0.6,0.7,1.8,2.1,2.1,0.6,0.6,0.7,0.6,1.6,2.2,1.5,1.4,1.5,1.8,1.7,2.4,2.6,2.5,2.5,2.4,1.7,1.8,2.7,3,2.7,3,3.1,3.2,3.3,3.4,3.7,3.1,3.3,3.2,3.2,3.1,3.2,3.5,3.1,3,2.8,3.3,3.8,4,4,3.5,3.5,3.5,3.5,3.5,3.7
Байконур,3.8,3.8,2,2.1,2,1.9,3.2,3.5,2.1,2,2,1.9,2.1,3.3,3.6,3.8,1.9,1.8,1.9,1.8,2.9,3.6,2.3,2.4,2.5,2.6,2.5,3.6,3.8,2.9,2.7,2.9,2.7,2.6,3.7,4.1,3.8,3.8,3.9,4,3.9,4,4.3,3.6,3.6,3.6,3.6,3.5,3.9,4.1,3.5,3.4,3.5,3.4,3.4,3.9,4,3.4,3.2,3.4,3.3,3.4,3.8
Баку,2.8,1.7,1.8,1.8,1.7,1.8,2.4,3,2,2.1,2,2.1,1.9,2.3,2.8,2.6,2,2,2,2,2.5,3,2.2,2.4,2.4,2.5,3.2,3.3,3.5,3.2,3.3,3.3,3.3,3.3,3.5,3.9,3.6,3.6,3.7,3.8,3.8,3.9,4.6,4.1,4.1,4,4,3.9,4,4.3,3.8,3.9,3.8,3.8,3.7,3.9,4.1,3.6,3.6,3.6,3.7,3.6,3.8
Белгородская область,2.8333333333333335,3.033333333333333,1.0999999999999999,1.0999999999999999,1.0333333333333334,1.1333333333333335,2.2666666666666666,2.6,1.1333333333333335,1.0333333333333334,0.9333333333333332,0.8333333333333334,0.9666666666666668,2.1333333333333333,2.3333333333333335,2.7000000000000006,0.8333333333333334,0.9333333333333332,1,0.9333333333333332,2.2333333333333334,3,1.0999999999999999,0.9666666666666668,0.9333333333333332,1.0333333333333334,1,2.3,3.0999999999999996,1.4666666666666668,1.4000000000000001,1.3333333333333333,1.2666666666666666,1.2333333333333334,2.7000000000000006,3.3666666666666667,2.8000000000000003,3.0666666666666664,3.266666666666667,3.233333333333333,3.0333333333333337,3.466666666666667,3.766666666666667,2.766666666666667,2.6999999999999997,2.6999999999999997,2.533333333333333,2.4,3,3.4333333333333336,2.266666666666667,2.266666666666667,2.3666666666666667,2.4,2.3333333333333335,3.0666666666666664,3.533333333333333,2.5,2.3666666666666667,2.3666666666666667,2.266666666666667,2.1666666666666665,2.7999999999999994
Бендеры,3.6,4,2.7,2.5,2.6,2.5,3.3,3.5,2.8,2.5,2.5,2.4,2.4,3.1,3.3,3.7,2.5,2.4,2.5,2.4,3.3,3.8,3.1,3.1,3.3,3.4,3.6,3.9,4.5,3.8,4,4,3.9,4,4.1,4.4,4,4,4,4.1,4.1,4.4,4.5,4.1,4,4,4,4,4.3,4.4,4.1,4,4,3.9,3.9,4.3,4.3,4.5,4.1,4.1,4,3.9,4.2
Бишкек,2.2,0.8,0.5,0.5,0.7,0.6,1.3,1.9,0.4,0.5,0.4,0.4,0.6,1.6,2.1,0.9,0.5,0.4,0.5,0.5,1.3,2,1,1.1,1.2,1.5,1.6,2.5,3.1,2.6,2.7,3.4,3.9,3.8,4.1,4.2,3.8,3.9,4.1,4.2,4,4.2,4.3,4,4,4.1,4.3,4.1,4.1,4.2,4,3.9,4,3.9,3.8,3.9,4,3.7,3.7,3.7,3.8,3.8,4
Брестская область,3.1666666666666665,1.5666666666666667,1.3999999999999997,1.3,1.3666666666666665,1.3,2.6999999999999997,3.266666666666667,1.4666666666666668,1.2,1.3,1.2333333333333334,1.2666666666666666,2.4666666666666663,2.933333333333333,1.4666666666666668,1.2333333333333332,1.3333333333333333,1.2333333333333332,1.2333333333333332,2.8333333333333335,3.1666666666666665,1.3999999999999997,1.2666666666666666,1.2666666666666666,1.3,1.2666666666666666,2.766666666666667,3.4666666666666663,1.5999999999999999,1.4333333333333336,1.4000000000000001,1.4333333333333336,1.4333333333333336,2.6333333333333333,3.0666666666666664,2,1.8,1.8999999999999997,2,2.033333333333333,2.766666666666667,3.5,2.033333333333333,1.9666666666666668,1.9333333333333336,1.9666666666666668,2.033333333333333,3.1,3.5333333333333337,2.1333333333333333,2.1,2.1999999999999997,2.1999999999999997,2.1333333333333333,3.3666666666666667,3.6666666666666665,2.4,2,1.9333333333333336,1.9333333333333336,1.8666666666666665,2.9
Брянская область,2.75,2.8499999999999996,1,1.15,1.1,1.05,2.25,2.6500000000000004,1.15,1.05,0.95,0.8500000000000001,0.9,1.9,2.5,2.75,0.9,0.95,0.95,0.95,2.25,3,1.05,1,1,1.05,1.25,2.4,2.95,1.5,1.4,1.45,1.4,1.45,2.7,3.25,2.8499999999999996,3.25,3.5,3.6,3.45,3.8,4,3.1,3.1,3.05,2.95,2.9,3.5,3.75,2.75,2.9,2.8499999999999996,2.9,2.8499999999999996,3.55,3.9,3,2.8,2.75,2.75,2.7,3.2
Бухарская область,2.8,1.3,1.3,1.5,1.5,1.5,1.8,2.7,1.2,1.3,1.3,1.2,1.3,1.9,2.8,1.3,1.2,1.2,1.3,1.3,1.8,2.7,1.9,2.1,2,2.1,2.3,3.1,3.3,3.1,2.7,3,3,3.1,3.8,4,4,4,3.9,3.9,3.8,4,4.1,3.9,4.1,4.3,4.2,4,4.2,4.4,4.1,4.1,4,4,3.9,4,4.2,3.8,3.8,3.8,3.9,3.9,4
Витебская область,3.2,1.4,1.2,1.3,1.4,1.3,2.8,3.4,1.3,1.3,1.3,1.4,1.3,2.7,3,1.4,1.3,1.3,1.3,1.4,3,3.4,1.5,1.4,1.5,1.4,1.4,3,3.5,1.7,1.6,1.6,1.5,1.5,2.7,3.4,2.1,2.2,2.5,2.6,2.5,3.2,3.9,2.5,2.4,2.5,2.5,2.4,3.5,3.8,2.4,2.4,2.6,2.6,2.5,3.5,4,2.4,2.3,2.2,2.2,2.1,3.1
Владимирская область,2.7600000000000002,2.8600000000000003,1.12,1.0799999999999998,1.12,1.0399999999999998,2.3400000000000003,2.7600000000000002,1.22,1.08,1,0.9800000000000001,1.02,2.12,2.54,2.6799999999999997,1.1,0.9600000000000002,1.02,1.0599999999999998,2.2399999999999998,3.04,1.12,1.06,1.08,1.16,1.1800000000000002,2.44,2.96,1.38,1.3800000000000001,1.3,1.2399999999999998,1.22,2.62,3.2600000000000002,3,3.38,3.6799999999999997,3.7,3.54,3.8200000000000003,4,3.2199999999999998,3.0599999999999996,2.9200000000000004,2.8400000000000003,2.9,3.4,3.72,2.7399999999999998,2.72,2.86,2.84,2.7600000000000002,3.44,3.7,2.8000000000000003,2.7399999999999998,2.88,2.7399999999999998,2.54,3.22
Волгоградская область,2.725,3.05,1.25,1.075,1.05,1,2.25,2.575,1.0250000000000001,0.875,0.775,0.7999999999999999,0.9000000000000001,2.15,2.4000000000000004,2.725,0.875,0.875,1,0.95,2.25,2.9,1.15,1,1.025,1.075,1.175,2.25,3,1.6,1.5,1.475,1.4000000000000001,1.3249999999999997,2.65,3.2,2.6750000000000003,2.75,3.325,3.4,3.2,3.425,3.6500000000000004,2.9,2.8,2.7,2.65,2.55,3.125,3.7,2.525,2.4749999999999996,2.55,2.55,2.5,3.075,3.325,2.75,2.5999999999999996,2.55,2.5,2.3499999999999996,2.825
Вологодская область,2.8499999999999996,3,0.9500000000000001,0.85,0.85,0.9,2.5,2.8499999999999996,0.9500000000000001,0.9,0.85,0.85,1,2.4,2.75,2.9,0.9,0.85,0.85,1,2.4,2.95,0.9500000000000001,0.85,1.25,1.25,1.3,2.6,3,1.25,1.25,1.25,1.25,1.35,3.2,3.8499999999999996,3.25,3.55,3.65,3.7,3.6,4.05,4.15,3.1500000000000004,3.05,2.95,2.8499999999999996,2.8499999999999996,3.55,3.75,2.75,2.8,2.7,2.7,2.75,3.55,3.75,2.6500000000000004,2.6,2.7,2.7,2.55,3.3
Воронежская область,2.825,3.125,1.2,1.175,1.125,1.275,2.3,2.7250000000000005,1.175,1.1,0.975,0.925,1.1,2.1500000000000004,2.4000000000000004,2.8,0.925,1.0250000000000001,1.125,1.05,2.325,3.05,1.2,1.125,1.325,1.3499999999999999,1.4249999999999998,2.425,3.2749999999999995,1.8250000000000002,1.5750000000000002,1.5,1.525,1.45,2.775,3.25,2.9,3.025,3.45,3.425,3.2749999999999995,3.6,3.8,3.075,2.9,2.875,2.7500000000000004,2.6500000000000004,3.2750000000000004,3.675,2.725,2.7,2.8000000000000003,2.7750000000000004,2.725,3.3249999999999997,3.6,2.95,2.875,2.8,2.725,2.625,2.975
Восточно-Казахстанская область,2.95,1.25,1.1,1.15,1.9,1.65,2.3,2.8499999999999996,1.15,1.05,1.05,1,1.05,2.2,2.6500000000000004,2.75,1.15,1.05,1.1,1.05,2.3,2.95,1.7,1.8,1.9,1.9,1.9,2.7,3.1500000000000004,3.05,2.8499999999999996,2.9,2,2,2.9,3.45,2.35,2.15,2,2.7,2.5999999999999996,4.05,4.15,3.7,3.55,3.6,3.6,3.4,3.9,4.15,3.25,3.2,3.25,3.25,3.0999999999999996,3.95,4.05,3.2,3.0999999999999996,3.15,3.0999999999999996,3.05,3.7
Гомельская область,3.2,1.5,1.3,1.4,1.3,1.3,2.7,3.3,1.4,1.3,1.2,1.1,1.3,2.6,2.9,1.4,1.2,1.3,1.2,1.2,2.9,3.5,1.4,1.4,1.3,1.3,1.4,2.9,3.6,1.6,1.6,1.5,1.5,1.5,2.8,3.2,1.9,1.9,1.9,2,2.1,2.8,3.6,2.1,2,2,2,2.1,3.3,3.6,2,2.1,2.1,2.2,2.2,3.5,3.8,2.2,2,1.9,1.8,1.8,2.8
Гродненская область,3.3,1.5,1.45,1.3,1.4500000000000002,1.4,2.8,3.4,1.4,1.3,1.35,1.25,1.2999999999999998,2.6500000000000004,3.1,1.5,1.3,1.4500000000000002,1.4,1.3,3.05,3.3499999999999996,1.4500000000000002,1.35,1.4,1.4,1.4,2.95,3.5,1.6,1.5,1.5,1.5,1.55,2.75,3.4,1.9500000000000002,1.9500000000000002,2.15,2.15,2.25,2.8499999999999996,3.6500000000000004,2.15,2.05,2.05,2.1,2.1,3.25,3.55,2.4,2.2,2.4,2.3,2.25,3.3,3.75,2.2,2.05,2,2,2,2.9
Гянджа,2.7,2.2,2.4,2.2,2.3,2.2,2.5,2.8,2.4,2.4,2.4,2.3,2.3,2.4,2.6,2.6,2.3,2.4,2.3,2.4,2.5,2.8,2.6,2.8,2.9,2.7,3.1,3.4,3.3,3,3.1,3.1,3.2,3.4,3.6,3.9,3.7,3.7,3.7,3.9,3.8,3.9,4.6,4.3,4.4,4.3,4.2,4.1,4.2,4.2,3.9,3.8,3.9,3.9,3.9,3.9,4,3.8,3.8,3.9,4,4,4
Еврейская автономная область,2.7,2.8,0.9,1,0.8,0.8,2.3,2.7,0.9,0.9,0.8,0.7,0.8,2.1,2.7,3,0.9,0.9,0.9,1,2.3,3,0.9,0.9,0.9,1,0.9,2.2,2.8,1.1,1.1,1.1,1.2,1.2,2.8,3.3,2.2,2.4,2.7,3,3,3.7,3.8,2.6,2.7,2.8,2.5,2.4,3,3.3,2.2,2.2,2.1,2.2,2.2,3,3.4,2.4,2.6,2.5,2.4,2.3,3
Ереван,2.7,1.2,1.3,1.2,1.3,1.3,2.2,2.9,1.8,1.7,1.6,1.6,1.6,2.1,2.6,1.1,1.1,1.1,1.1,1.7,2.6,3.1,2.2,2.7,2.9,2.9,2.8,3.2,3.7,2.7,2.8,3.7,3.7,3.8,4,4.4,3.7,3.7,3.7,3.8,3.8,4.2,4.2,3.8,3.7,3.6,3.6,3.6,3.8,4.1,3.3,3.3,3.2,3.3,3.1,3.4,3.9,3,3.2,3.2,3.2,3.7,3.6
Жамбылская область,2.6,1.1,0.9,0.9,1.1,1,1.8,2.3,0.9,0.9,0.8,0.8,0.7,2,2.5,2.5,0.9,0.8,0.8,0.8,1.8,2.5,1.6,1.6,1.7,1.7,1.7,2.5,2.8,2.8,2.6,2.6,2,2.1,2.7,3.1,2.3,2.5,2.8,2.9,2.8,3.3,3.5,2.6,3.2,3.3,3.7,3.5,3.8,3.9,3.3,3.3,3.3,3.3,3.4,3.6,3.8,3.3,3.3,3.3,3.3,3.4,3.6
Забайкальский край,3.15,3.1,2.8,1.4500000000000002,1.5,1.4500000000000002,2.8,3.15,1.5,1.4500000000000002,1.4500000000000002,1.35,1.35,2.7,3.2,3.35,1.55,1.5,1.5,1.6,2.85,3.3,1.6,1.6,1.7999999999999998,1.75,1.75,2.95,3.3,1.7,1.7,2,2,1.9,3.1,3.5999999999999996,2.95,3.05,3.35,3.5,3.4,3.8499999999999996,4.1,3.1,3.05,3,2.95,2.8499999999999996,3.3,3.55,2.6,2.7,2.6,2.7,2.6,3.4000000000000004,3.75,2.8,2.75,2.75,2.6500000000000004,2.6,3.15
Западно-Казахстанская область,2.3,0.8,0.8,0.7,0.7,0.7,1.7,2.1,0.6,0.5,0.5,0.5,0.5,1.6,2.1,2,0.5,0.5,0.5,0.4,1.6,2.3,1.2,1.2,1.2,1.2,1.3,2.2,2.7,2.6,2.4,2.3,1.5,1.6,2.5,2.9,2.1,2.6,3,3.3,3.2,3.5,3.9,3.1,3.1,3.1,3.1,3,3.2,3.8,3.2,2.9,2.7,3.3,3.3,3.6,3.7,3.2,3.2,3.5,3.3,3.3,3.5
Ивановская область,2.733333333333333,2.7999999999999994,1.0333333333333334,0.9333333333333332,0.9666666666666667,0.9666666666666667,2.3000000000000003,2.6666666666666665,1.0666666666666667,0.9666666666666667,0.9333333333333332,0.8999999999999999,0.8999999999999999,2.0999999999999996,2.566666666666667,2.7000000000000006,1.1333333333333335,1.0666666666666667,0.9333333333333332,0.9666666666666667,2.1333333333333333,3,1,0.9333333333333332,1.2666666666666668,1.3666666666666665,1.3,2.466666666666667,2.9333333333333336,1.3666666666666665,1.3999999999999997,1.3666666666666665,1.3666666666666665,1.3333333333333333,2.766666666666667,3.3333333333333335,3.1,3.366666666666667,3.3000000000000003,3.6333333333333333,3.4333333333333336,3.6999999999999997,3.9333333333333336,3.033333333333333,2.966666666666667,2.8333333333333335,2.733333333333333,2.8333333333333335,3.366666666666667,3.6333333333333333,2.733333333333333,2.6666666666666665,2.8333333333333335,2.733333333333333,2.733333333333333,3.4333333333333336,3.533333333333333,2.766666666666667,2.6333333333333333,2.8333333333333335,2.733333333333333,2.5666666666666664,3.1999999999999997
Иркутская область,2.75,2.875,1.075,1.05,1.05,1.025,2.375,2.9000000000000004,1.075,1.0750000000000002,0.9750000000000001,0.95,1.0250000000000001,2.3,2.7,2.95,1.075,1.0750000000000002,1.05,1.05,2.2,2.825,1,1,1.0250000000000001,1.2,1.075,2.325,2.8,1.4,1.45,1.5,1.475,1.4249999999999998,2.7249999999999996,3.325,2.875,3,3.175,3.2,3.075,3.5500000000000003,3.8,2.75,2.85,2.7249999999999996,2.7249999999999996,2.5,3.15,3.5749999999999997,2.475,2.4,2.325,2.35,2.4,3.25,3.525,2.425,2.35,2.275,2.25,2.1,2.6
Кабардино-Балкарская Республика,2.5,2.7,1.1,0.95,1,1.0499999999999998,2,2.7,1.15,0.95,0.85,0.9,1.0499999999999998,1.75,2.2,2.45,1,0.85,0.8999999999999999,0.85,1.85,2.6500000000000004,1.25,1.25,1.35,1.35,1.3,2.15,2.6500000000000004,1.5,1.65,1.6,1.7000000000000002,1.85,2.9,3.4,3.25,3.3,3.4,3.6500000000000004,3.45,3.5,3.7,2.9,2.8,2.75,2.7,2.6,2.9,3.45,2.55,2.5,2.6,2.8,2.6,3.05,3.3499999999999996,2.65,2.7,2.75,2.75,2.7,3
Калининградская область,2.6,2.5,0.8,0.7,0.8,0.7,2,2.5,0.7,0.7,0.6,0.5,0.6,1.9,2.4,2.4,0.7,0.8,1,0.7,2.1,2.7,0.9,0.9,1,1.1,1.1,2.3,2.9,1.3,1.2,1.2,1.2,1.2,2.7,3.9,3,3.5,3.6,3.6,3.5,3.8,3.8,2.8,2.8,2.8,2.9,2.7,3.3,3.7,2.8,2.9,2.8,3.1,2.8,3.4,3.8,2.8,2.6,2.6,2.6,2.5,3.1
Калужская область,2.65,2.65,0.6,0.7,0.7,0.6499999999999999,2.05,2.7,0.75,0.6,0.55,0.5,0.6,1.8,2.4000000000000004,2.45,0.6499999999999999,0.6,0.6,0.7,2,2.9000000000000004,0.6499999999999999,0.95,1,1.1,1.15,2.4000000000000004,2.9000000000000004,1.25,1.15,1.05,1.05,1.1,2.5,3.15,2.85,3.2,3.3,3.3,3.2,3.5999999999999996,3.85,2.85,2.75,2.75,2.6,2.55,3.25,3.55,2.4,2.6,2.5,2.65,2.6,3.35,3.8,2.6,2.5,2.5,2.5,2.4,3.15
Камчатский край,2.9,3.2,0.8,0.8,0.7,0.9,2.4,3.1,0.7,0.6,0.6,0.6,0.7,2.3,2.8,3,0.8,0.9,1.3,0.9,3,2.9,2.2,0.9,0.9,1,1.1,3.2,3.3,1.1,1.4,1.2,1.3,1.3,3,3.6,2.3,2.4,2.5,2.7,2.9,3.5,3.9,2.4,2.5,2.6,2.5,2.5,3.3,3.8,2.3,2.3,2.3,2.3,2.4,3.2,3.7,2.3,2.3,2.3,2.5,2.5,3.3
Карагандинская область,3.22,1.94,1.8800000000000001,1.9600000000000002,2.3199999999999994,1.9,2.7600000000000002,3.2,1.8400000000000003,1.7600000000000002,1.78,1.6600000000000001,1.72,2.6,2.88,3.0599999999999996,1.72,1.72,1.7,1.6800000000000002,2.6399999999999997,3.1799999999999997,2.2600000000000002,2.3,2.4,2.48,2.42,3.2399999999999998,3.4200000000000004,3.3,3.3,3.3199999999999994,2.54,2.5799999999999996,3.3,3.6399999999999997,2.8400000000000003,2.94,3.04,3.1399999999999997,2.9799999999999995,3.5,3.78,2.94,3.4,3.4200000000000004,3.4200000000000004,3.3200000000000003,3.6399999999999997,3.84,3.22,3.2400000000000007,3.2600000000000002,3.22,3.2,3.88,4.040000000000001,3.4800000000000004,3.46,3.46,3.44,3.5,3.7600000000000002
Карачаево-Черкесская Республика,2.3,2.3,0.8,0.6,0.6,0.7,1.8,2.6,0.8,0.6,0.5,0.5,0.6,1.5,1.9,2.1,0.5,0.5,0.5,0.5,1.6,2.5,0.9,1.2,1.2,1.2,1.1,1.9,2.4,1.1,1.2,1.2,1.3,1.3,2.6,3.1,2.9,2.8,3,3.2,3,3.2,3.4,2.6,2.5,2.6,2.4,2.4,2.8,3.4,2.3,2.3,2.3,2.5,2.4,2.9,3.1,2.4,2.4,2.4,2.4,2.3,2.8
Кемеровская область (Кузбасс),2.7142857142857144,2.9285714285714293,1.1714285714285713,1.1285714285714286,1.1285714285714286,1.114285714285714,2.314285714285714,2.7857142857142856,1.0857142857142856,1.0142857142857142,1.0714285714285714,1.0285714285714287,1.1142857142857143,2.3285714285714287,2.757142857142857,3.085714285714286,1.1714285714285713,1.1428571428571428,1.1,1.0285714285714287,2.185714285714286,2.9142857142857146,1.5714285714285714,1.4857142857142855,1.5714285714285716,1.6,1.6285714285714286,2.6428571428571423,3.1142857142857143,1.6285714285714286,1.6285714285714286,1.6,1.5857142857142859,1.6,2.8428571428571425,3.2285714285714286,2.4285714285714284,2.457142857142857,2.7,2.8,2.8142857142857136,3.3142857142857136,3.485714285714286,2.3714285714285714,2.442857142857143,2.514285714285714,2.442857142857143,2.2857142857142856,2.8142857142857136,3.1,2.014285714285714,1.9999999999999998,1.9571428571428573,2.0857142857142854,1.9714285714285713,2.742857142857143,2.9857142857142853,2.071428571428571,1.9999999999999998,2.0142857142857142,2.0285714285714285,1.9857142857142855,2.6571428571428575
Кировская область,2.8,3.0999999999999996,1.15,1.1,1.1,1.05,2.55,2.9000000000000004,1.15,1.05,1.05,0.95,1.1,2.45,2.75,3.0999999999999996,1.1,1,1.05,1.1,2.4000000000000004,3.05,1.1,1.4,1.5,1.55,1.5,2.8,3.2,1.5,1.6,1.5,1.5,1.45,3.05,3.45,2.9,3.15,3.55,3.55,3.4,3.8,3.9,2.95,2.9,2.85,2.75,2.7,3.4,3.9,2.7,2.5,2.5,2.7,2.7,3.45,3.55,2.55,2.5,2.75,2.7,2.55,3.45
Кишинев,2.8,1.1,0.7,0.7,0.8,0.8,2.2,2.9,0.8,0.6,0.6,1.2,1.1,1.9,2.7,0.8,0.6,1.4,1.5,1.6,2.7,3.7,2.5,3.1,3.3,3.3,3.3,3.9,4.4,3.3,3.3,3.5,3.4,3.3,4,4.3,3.5,3.5,3.5,3.4,3.4,3.9,4.3,3.2,3.3,3.3,3.2,3.2,3.8,4.2,3.2,3.2,3.2,3.1,3.1,4,4.2,4.3,3.3,3.2,3.1,3.1,3.7
Костромская область,2.9,2.9,0.9,0.9,0.9,0.8,2.4,2.7,1,0.8,0.8,0.8,0.8,2.2,2.8,2.8,1,0.8,0.8,0.9,2.3,3,0.8,0.8,0.8,0.9,0.9,2.5,3,1.1,1.1,1.1,1.1,1.1,2.9,3.6,3.1,3.3,3.6,3.6,3.5,3.9,4.1,3.1,3,2.9,2.8,2.9,3.5,3.8,2.7,2.7,2.8,2.8,2.8,3.6,3.8,2.7,2.5,2.7,2.7,2.5,3.3
Краснодарский край,2.4133333333333336,2.813333333333333,0.9999999999999999,0.8800000000000001,0.8533333333333334,0.9999999999999999,1.9533333333333336,2.4866666666666664,0.9533333333333334,0.7466666666666667,0.6666666666666666,0.64,0.7333333333333335,1.5133333333333339,1.8799999999999997,2.253333333333333,0.7799999999999999,0.8333333333333334,0.8133333333333332,0.6866666666666669,1.7799999999999998,2.58,1.0666666666666667,0.9466666666666667,1.1600000000000001,1.2066666666666668,1.1200000000000003,2.0133333333333336,2.4266666666666663,1.3466666666666667,1.3866666666666665,1.2866666666666666,1.3333333333333333,1.3533333333333333,2.4799999999999995,3.0933333333333333,2.7600000000000002,2.833333333333334,3.5533333333333332,3.5866666666666664,3.5133333333333328,3.8333333333333335,3.966666666666667,3.2800000000000002,3.2266666666666666,3.1933333333333334,3.1533333333333338,3.073333333333333,3.5600000000000005,3.6133333333333337,2.68,2.6133333333333337,2.713333333333333,2.726666666666666,2.6866666666666665,3.066666666666667,3.42,2.826666666666667,2.5933333333333333,2.5933333333333333,2.58,2.4999999999999996,2.913333333333333
Красноярский край,2.914285714285714,3.028571428571429,1.2,1.2000000000000004,1.2142857142857142,1.157142857142857,2.4714285714285715,2.9571428571428577,1.2571428571428573,1.0857142857142856,1.0714285714285714,1.042857142857143,1.1285714285714286,2.442857142857143,2.9285714285714284,3.1142857142857143,1.2,1.2285714285714289,1.1714285714285713,1.114285714285714,2.357142857142857,3.1,1.1142857142857143,1.4714285714285715,1.5857142857142856,1.6,1.6,2.7714285714285714,3.157142857142856,1.6857142857142857,1.6999999999999997,1.6714285714285713,1.6857142857142857,1.657142857142857,3.1,3.6571428571428575,2.9999999999999996,3.0571428571428574,3.142857142857143,3.228571428571428,3.242857142857143,3.685714285714286,3.857142857142857,2.8285714285714283,2.7428571428571433,2.6857142857142855,2.771428571428572,2.7142857142857144,3.2285714285714286,3.585714285714286,2.6285714285714286,2.542857142857143,2.457142857142857,2.6,2.557142857142857,3.128571428571429,3.414285714285714,2.5000000000000004,2.4,2.3714285714285714,2.3285714285714283,2.242857142857143,2.7428571428571433
Курганская область,2.6,2.9,0.9,0.95,0.95,0.8500000000000001,2.25,2.8,0.9,0.8,0.8,0.8,0.8,2.1,2.5,2.9,0.95,0.8500000000000001,0.8500000000000001,0.8500000000000001,2.2,3.05,0.9,1.35,1.4,1.4,1.35,2.6500000000000004,3.1,1.45,1.4,1.45,1.5,1.4,2.95,3.4,2.6500000000000004,2.75,3,3.1500000000000004,2.95,3.55,3.8,2.7,3,2.9,2.6500000000000004,2.3499999999999996,3.05,3.6,2.25,2.3499999999999996,2.4,2.35,2.35,3.1,3.4,2.15,2.1,2.15,2.25,2.0999999999999996,2.9
Курская область,2.9000000000000004,3.05,1.2000000000000002,1.2000000000000002,1.2000000000000002,1.15,2.4000000000000004,2.7,1.25,1.15,1.1,1,1,2.2,2.65,2.9000000000000004,0.95,1,1.0499999999999998,1.1,2.4000000000000004,3.1,1.2,1.0499999999999998,1.1,1.4,1.4500000000000002,2.5999999999999996,3.15,1.7000000000000002,1.6,1.45,1.5,1.45,2.8499999999999996,3.4,2.8499999999999996,3.25,3.45,3.45,3.35,3.8,3.95,3.1,3,2.95,2.8,2.8499999999999996,3.3499999999999996,3.7,2.65,2.8,2.8,2.95,2.9000000000000004,3.55,3.9,2.95,2.8,2.8,2.7,2.6,3.1
Кызылординская область,2.3,0.7,0.6,0.8,0.6,0.6,1.5,2.1,0.5,0.6,0.6,0.5,0.5,1.6,2,2.1,0.6,0.5,0.6,0.5,1.5,2.3,1.2,1.3,1.5,1.5,1.5,2.2,2.5,2.6,2.5,2.6,1.7,1.7,2.5,3.1,2.1,2.4,2.8,2.9,2.9,3.3,3.7,3,3.2,3.2,3.3,3.3,3.5,3.8,3.2,3.3,3.2,3.3,3.1,3.4,3.6,3.2,3.1,3.1,3,3.2,3.4
Левобережье Днестра,3.3,3.8,1.9,1.9,2,1.8,2.9,3.3,2,1.7,1.8,1.6,1.7,2.6,3,3.2,1.7,1.8,1.7,1.7,2.9,3.6,2.4,2.6,2.7,2.8,2.8,3.6,4.2,3.1,3.4,3.4,3.4,3.3,4,4.3,3.5,3.6,3.7,3.7,3.8,4.2,4.5,3.7,3.6,3.6,3.5,3.5,3.9,4.2,3.6,3.5,3.7,3.6,3.5,4.2,4.4,4.4,3.8,3.7,3.7,3.6,4.1
Липецкая область,2.9,3,1.15,1.1,1.1,1.15,2.3499999999999996,2.6,1.15,1,0.9,0.85,1,2.1500000000000004,2.55,2.8499999999999996,0.85,1.25,1.35,1.4,2.5,3.2,1.4500000000000002,1.35,1.35,1.4,1.4,2.5,3.1,1.6,1.4500000000000002,1.4,1.35,1.2999999999999998,2.95,3.4,2.9,3.3499999999999996,3.55,3.5,3.4,3.75,4,3.1,3.05,3,2.8,2.8,3.4,3.75,2.7,2.6500000000000004,2.7,2.6500000000000004,3.05,3.6500000000000004,3.95,3.05,2.8499999999999996,2.9,2.8,2.6500000000000004,3.05
Магаданская область,3.1,2.9,0.6,0.6,0.6,0.6,2.3,3,0.6,0.5,0.5,0.4,0.6,2.3,3,3.1,0.6,0.6,0.7,0.6,2.4,3.2,0.7,0.8,0.8,0.8,0.9,2.4,3.3,0.9,0.9,0.8,0.7,0.9,2.9,3.7,2.2,2.2,2.5,2.6,2.5,3.3,3.8,2,2,1.9,2,1.9,3,3.6,1.9,1.9,1.8,1.8,1.8,3.1,3.6,1.8,1.7,1.8,1.8,1.9,2.9
Мангистауская область,2.4,1.1,1.2,1.1,1.2,1.2,2,2.6,1.1,1.1,1.1,1,1.1,2,2.3,2.4,1.1,1.1,1,1,2,2.4,1.8,1.8,1.8,1.9,2,2.5,2.7,2.6,2.6,2.6,2,2,2.8,3.2,2.6,2.5,2.5,2.3,3.6,3.9,4,3.7,3.7,3.6,3.7,3.5,3.8,4,3.5,3.4,3.4,3.4,3.3,3.6,3.7,3.4,3.4,3.3,3.3,3.3,3.7
Минская область,3.25,1.633333333333333,1.45,1.4000000000000001,1.4833333333333332,1.4666666666666668,2.8333333333333335,3.4000000000000004,1.5333333333333334,1.3499999999999999,1.3499999999999999,1.4333333333333333,1.3833333333333335,2.6333333333333333,2.966666666666667,1.5666666666666667,1.3499999999999999,1.45,1.3666666666666665,1.3833333333333335,2.933333333333333,3.3333333333333326,1.5333333333333332,1.5,1.4666666666666668,1.5333333333333332,1.4333333333333333,2.9499999999999997,3.516666666666667,1.7333333333333334,1.633333333333333,1.5499999999999998,1.5666666666666664,1.5666666666666664,2.733333333333333,3.266666666666667,2.1166666666666667,1.9666666666666666,2.1666666666666665,2.2166666666666663,2.2833333333333337,2.9499999999999997,3.6833333333333336,2.25,2.15,2.15,2.1999999999999997,2.233333333333333,3.3000000000000003,3.6999999999999997,2.316666666666667,2.266666666666666,2.4166666666666665,2.3833333333333333,2.3,3.3833333333333333,3.783333333333333,2.316666666666667,2.1166666666666667,2.0833333333333335,2.0666666666666664,2,2.933333333333333
Могилёвская область,3.1,1.2,1.1,1.1,1.2,1.1,2.7,3.3,1.2,1.1,1.1,1,1.2,2.6,2.9,1.3,1.1,1.1,1.1,1.1,2.8,3.3,1.2,1.1,1.1,1.2,1.1,2.8,3.4,1.4,1.3,1.3,1.2,1.3,2.6,3.1,1.8,1.8,1.9,1.9,2,2.7,3.7,2.1,2,2,1.9,2,3.3,3.6,2,2,2.1,2.2,2.1,3.4,3.7,2.1,1.9,1.8,1.7,1.7,2.7
Москва и Московская область,2.6363636363636362,2.690909090909091,1.0568181818181817,1.0818181818181818,1.0977272727272727,1.0090909090909093,2.170454545454546,2.5999999999999996,1.1704545454545456,1.013636363636364,0.984090909090909,0.9477272727272728,1.0068181818181816,1.9136363636363638,2.5136363636363637,2.515909090909091,1.0909090909090908,1.0045454545454544,0.9886363636363636,1.1136363636363638,2.0681818181818183,2.8659090909090916,1.2227272727272724,1.1477272727272725,1.2522727272727274,1.3409090909090908,1.3727272727272728,2.3931818181818185,2.886363636363637,1.7227272727272727,1.6659090909090908,1.5954545454545455,1.593181818181818,1.5681818181818186,2.724999999999999,3.2749999999999986,3.2499999999999996,3.4636363636363643,3.4840909090909093,3.479545454545455,3.3704545454545456,3.627272727272728,3.872727272727273,3.1999999999999997,3.0954545454545452,3.065909090909091,2.938636363636364,2.9613636363636364,3.3931818181818176,3.609090909090909,3.084090909090909,3.0681818181818183,3.356818181818183,3.354545454545455,3.265909090909091,3.6840909090909104,3.979545454545452,3.2386363636363638,3.1,3.2204545454545452,3.1318181818181823,3.0659090909090905,3.4545454545454546
Мурманская область,3.3000000000000003,3.366666666666667,1.7,1.7333333333333332,1.6333333333333335,1.6000000000000003,2.9,3.4,1.6000000000000003,1.5333333333333332,1.6000000000000003,1.5333333333333332,1.5666666666666664,2.733333333333333,3.266666666666667,3.4666666666666663,1.6666666666666667,1.6000000000000003,1.5333333333333332,1.8666666666666665,2.866666666666667,3.533333333333333,1.6666666666666667,1.9333333333333336,2,2.0666666666666664,2.066666666666667,3.1333333333333333,3.5,2.0666666666666664,2.033333333333333,2.1,2.1666666666666665,2.3000000000000003,3.8666666666666667,4.2,3.6,3.733333333333333,3.8000000000000003,3.8000000000000003,3.6999999999999997,4.166666666666667,4.3,3.4,3.466666666666667,3.4,3.5,3.266666666666667,3.8666666666666667,4.166666666666667,3.3000000000000003,3.3000000000000003,3.1999999999999997,3.266666666666667,3.233333333333333,3.8666666666666667,4.1000000000000005,3.233333333333333,3.3000000000000003,3.1999999999999997,3.3000000000000003,3.233333333333333,3.8666666666666667
Нижегородская область,2.675,2.9250000000000003,0.975,0.8625000000000002,0.95,0.9125000000000001,2.2750000000000004,2.6375,1.05,0.8375,0.825,0.7749999999999999,0.8499999999999999,2.125,2.4624999999999995,2.775,0.875,0.725,0.8500000000000001,0.925,2.125,3.0125,0.925,0.8625,1.1500000000000001,1.275,1.175,2.4749999999999996,2.9375000000000004,1.3375,1.3875000000000002,1.25,1.1749999999999998,1.1375,2.6625,3.1625,2.8375,3.3000000000000003,3.4499999999999997,3.4749999999999996,3.3000000000000003,3.5999999999999996,3.7250000000000005,3.0375,2.875,2.7625,2.6750000000000003,2.75,3.2375,3.6875,2.6250000000000004,2.5125,2.7749999999999995,2.7874999999999996,2.725,3.425,3.5249999999999995,2.75,2.7000000000000006,2.8,2.7125000000000004,2.55,3.1624999999999996
Новгородская область,2.85,3.05,1,1.05,1.05,1,2.45,3.05,1.1,1,0.95,0.95,1.0499999999999998,2.4000000000000004,2.7,3,0.95,0.95,1.05,1.05,2.45,3,1.1,1.05,1.15,1.2,1.15,2.55,3,1.3,1.35,1.25,1.25,1.25,2.9,3.75,2.8499999999999996,3.1500000000000004,3.5,3.45,3.3499999999999996,3.75,4,2.75,2.55,2.6,2.6500000000000004,2.6,3.45,3.8,2.6,2.6,2.5,2.7,2.5,3.45,3.8,2.6,2.5,2.45,2.4,2.3499999999999996,3.2
Новосибирская область,2.7,2.8499999999999996,0.95,0.95,0.95,0.95,2.3,2.7,1,0.8500000000000001,0.8999999999999999,0.8500000000000001,0.8500000000000001,2.25,2.7,2.95,1,0.95,0.8500000000000001,0.8500000000000001,2.1,2.8,1,0.95,1.3,1.3,1.35,2.5,3.1,1.4,1.4,1.35,1.4,1.45,2.8,3.3499999999999996,2.55,2.6,3.3499999999999996,3.3499999999999996,3.2,3.55,3.75,2.6,2.5,2.6,2.6,2.5,3.05,3.3,2.3,2.2,2.25,2.2,2.1,2.8,3.05,2.1,2,1.95,1.9,1.9,2.75
Область Лори,3.1,2,2.1,2,2,2,2.6,3,2.5,2.4,2.3,2.3,2.3,2.8,2.7,1.8,1.8,1.8,1.8,2.5,3,3.2,2.8,3.1,3.3,3.3,3.1,3.6,3.8,2.9,3.1,3.9,4,4,4.1,4.3,4,3.9,4.1,4,4,4.3,4.2,3.9,4,3.9,3.8,3.8,3.9,3.9,3.6,3.6,3.5,3.7,3.5,3.6,3.9,3.4,3.4,3.6,3.7,4,3.8
Область Ширак,2.8,2.1,2.1,2,2.1,2.1,2.6,2.9,2.4,2.4,2.2,2.2,2.3,2.5,2.7,1.9,1.8,1.8,1.9,2.4,2.8,3,2.7,3,3.3,3.1,2.9,3.2,3.4,2.9,3,3.6,3.8,3.9,4,4.1,3.9,3.9,3.9,3.8,3.8,3.9,4,3.8,3.7,3.6,3.6,3.7,3.6,3.8,3.4,3.4,3.4,3.5,3.4,3.5,3.6,3.3,3.4,3.4,3.5,3.8,3.7
Омская область,2.7,2.8,1,0.9,0.9,0.9,2.2,2.8,0.9,0.9,0.8,0.8,0.9,2.2,2.7,2.9,0.9,0.9,0.8,0.8,2.2,2.8,0.9,0.9,0.9,1,1,2.4,3.1,1.3,1.2,1.3,1.3,1.4,2.8,3.5,2.8,3,3.4,3.7,3.5,3.9,4.1,3.2,3.2,3.2,3.1,2.9,3.3,3.6,2.6,2.5,2.6,2.5,2.4,3.1,3.4,2.4,2.3,2.3,2.5,2.4,3
Оренбургская область,2.825,3.0749999999999997,1.15,1.15,1.1749999999999998,1.125,2.375,2.9250000000000003,1.2000000000000002,1.075,1.2000000000000002,1.05,1.125,2.35,2.7249999999999996,3.025,1.15,1.175,1.125,1.075,2.275,3,1.15,1.1,1.225,1.15,1.4,2.7,3.1,1.6500000000000001,1.5250000000000001,1.575,1.65,1.625,3.075,3.6499999999999995,3.075,3.2250000000000005,3.35,3.575,3.425,3.875,3.95,3.1000000000000005,3.1999999999999997,3.1000000000000005,3.05,2.9,3.425,3.7249999999999996,2.75,2.675,2.575,2.625,2.625,3.3,3.525,2.725,2.575,2.625,2.6500000000000004,2.575,3.1249999999999996
Орловская область,2.9,2.9,0.8,0.9,0.8,0.8,2.1,2.7,0.9,0.8,0.7,0.6,0.7,1.9,2.6,2.8,0.7,0.7,0.7,0.7,2.2,3,0.9,0.8,0.9,0.9,0.9,2.4,3,1.3,1.2,1.2,1.2,1.2,2.9,3.6,2.9,3.3,3.3,3.3,3.1,3.6,3.9,2.7,2.6,2.6,2.5,2.6,3.3,3.7,2.4,2.6,2.6,2.7,2.6,3.4,3.8,2.7,2.5,2.6,2.5,2.4,3.1
Пензенская область,2.9,2.8666666666666667,1.1666666666666667,1.0666666666666667,1,1,2.3666666666666667,2.766666666666667,1.0333333333333334,0.9333333333333332,0.9,0.8000000000000002,0.9,2.2666666666666666,2.6,2.8000000000000003,0.8000000000000002,0.7333333333333334,0.8666666666666667,0.8333333333333334,2.266666666666666,3.0666666666666664,1,1.2,1.2,1.2333333333333334,1.2666666666666666,2.5333333333333337,3.266666666666667,1.6000000000000003,1.4666666666666668,1.3666666666666665,1.3,1.2666666666666666,2.8333333333333335,3.3333333333333335,2.9333333333333336,3.0666666666666664,3.5,3.6,3.4666666666666663,3.733333333333334,3.9666666666666663,3.3000000000000003,3.1999999999999997,3.0666666666666664,2.9333333333333336,2.8333333333333335,3.6,4.166666666666667,3.1,2.866666666666667,2.9,2.8666666666666667,2.8333333333333335,3.5,3.6666666666666665,2.8666666666666667,2.9,2.9,2.8000000000000003,2.6666666666666665,3.1333333333333333
Пермский край,2.8000000000000003,3.1428571428571423,1.2571428571428573,1.3142857142857145,1.2857142857142858,1.2285714285714289,2.5714285714285716,2.9857142857142853,1.3285714285714287,1.2142857142857142,1.1571428571428573,1.0285714285714285,1.1142857142857143,2.4285714285714284,2.757142857142857,3.099999999999999,1.1714285714285715,1.1142857142857143,1.1285714285714286,1.1714285714285715,2.414285714285714,2.9857142857142853,1.1714285714285713,1.2857142857142858,1.2714285714285716,1.5428571428571427,1.5142857142857142,2.7142857142857144,3.1428571428571423,1.6142857142857143,1.5714285714285714,1.6285714285714286,1.657142857142857,1.6428571428571428,3.0285714285714285,3.557142857142857,3.0714285714285716,3.185714285714286,3.042857142857143,4.042857142857143,3.9,4.185714285714285,4.257142857142857,3.4571428571428577,3.442857142857143,3.3285714285714283,3.271428571428572,3.1285714285714286,3.657142857142857,3.8571428571428568,3,2.9714285714285715,2.871428571428571,3,2.8857142857142857,3.585714285714286,3.6571428571428575,2.8857142857142857,2.814285714285714,2.9285714285714284,2.9714285714285715,2.8857142857142857,3.4714285714285715
Приморский край,2.7199999999999998,2.66,0.9400000000000001,0.96,0.9399999999999998,0.9,2.3400000000000003,2.76,1,0.8200000000000001,1.08,0.9400000000000001,0.8,2.06,2.5200000000000005,2.7399999999999998,1.04,1.02,0.8399999999999999,0.8400000000000001,2.02,2.94,0.86,0.8,0.8,1,1.02,2.0200000000000005,2.66,1.1199999999999999,1.04,1.1,1.14,1.28,2.5,3.04,2.28,2.44,2.6399999999999997,2.6,2.56,3.4,3.7400000000000007,2.3600000000000003,2.44,2.56,2.4200000000000004,2.16,2.7399999999999998,3.0800000000000005,1.9400000000000002,1.9400000000000002,1.8800000000000001,1.92,1.8800000000000001,2.62,3.06,2.12,2.12,2.08,2.04,1.8800000000000001,2.66
Псковская область,2.95,3.05,0.9,0.9500000000000001,1,0.9500000000000001,2.45,3.1,0.9,0.85,0.8500000000000001,0.85,0.85,2.35,2.7,3,0.8,0.9,0.85,0.85,2.5,2.95,1.2999999999999998,1.25,1.2999999999999998,1.25,1.2999999999999998,2.75,3.1500000000000004,1.4,1.4,1.35,1.2999999999999998,1.35,2.95,3.75,3.05,3.2,3.45,3.45,3.4,3.75,3.95,2.9,2.7,2.8,2.7,2.5,3.4,3.75,2.45,2.5,2.55,2.5,2.4,3.45,3.75,2.45,2.3499999999999996,2.3,2.3,2.3,3.1
Республика Адыгея,2.4,2.5,0.6,0.5,0.5,0.6,1.9,2.5,0.5,0.4,0.4,0.4,0.5,1.5,1.9,2.2,0.4,0.5,0.6,0.5,1.8,2.6,0.8,0.7,0.9,1,1.1,2,2.4,1,1.2,1.1,1.3,1.4,2.7,3.4,3.1,3.2,3.4,3.5,3.3,3.9,4,3.3,3.2,3.2,3.1,3.1,3.5,3.8,2.8,2.8,2.9,3.1,2.9,3.9,3.9,3,2.9,2.8,2.8,2.7,3.2
Республика Алтай,2.4,2.3,0.3,0.3,0.3,0.4,1.9,2.1,0.3,0.2,0.3,0.2,0.3,1.9,2.3,2.5,0.3,0.3,0.2,0.2,1.7,2.3,0.2,0.3,0.4,0.4,0.4,1.9,2.4,0.8,0.8,0.7,0.7,0.7,2.3,2.8,1.8,2,2.4,2.4,2.4,3,3.2,1.8,1.8,1.9,2,1.9,2.6,2.8,1.6,1.5,1.5,1.5,1.5,2.5,2.8,1.7,1.6,1.6,1.7,1.7,2.5
Республика Башкортостан,2.7916666666666665,3.1,1.3666666666666665,1.4416666666666667,1.4416666666666667,1.3583333333333334,2.5500000000000003,2.975000000000001,1.2916666666666667,1.2333333333333334,1.2500000000000002,1.1666666666666667,1.225,2.433333333333333,2.725,3.108333333333333,1.3166666666666667,1.2500000000000002,1.2666666666666668,1.2333333333333336,2.4083333333333337,3.0833333333333335,1.3333333333333333,1.2666666666666666,1.2916666666666667,1.3416666666666668,1.3999999999999997,2.6,3.1,1.7666666666666668,1.7499999999999998,1.7916666666666667,1.8,1.7916666666666667,2.983333333333333,3.591666666666667,3.1750000000000003,3.258333333333333,3.7416666666666667,3.7833333333333337,3.6666666666666665,3.9499999999999997,4.008333333333334,3.2583333333333333,3.2249999999999996,3.1583333333333337,3.1,2.983333333333333,3.358333333333333,3.6916666666666664,2.983333333333334,3.0250000000000004,2.85,2.9416666666666664,2.858333333333333,3.333333333333334,3.4499999999999997,3.0583333333333336,2.9500000000000006,3.0083333333333333,3,2.8833333333333333,3.258333333333333
Республика Бурятия,2.6,2.6,2.3,1.1,0.8,0.7,2.1,2.7,0.8,0.7,0.7,0.7,0.7,2,2.5,2.7,0.8,0.7,0.7,0.7,2,2.6,0.7,0.7,0.7,0.8,0.8,2.1,2.6,1,1.1,1.4,1.4,1.5,2.8,3.8,3.3,3.5,3.7,3.8,3.7,4,4.2,3.2,3.2,3.1,3.1,2.9,3.4,3.8,2.9,3,2.9,2.8,2.7,3.4,3.8,2.8,2.7,2.7,2.6,2.6,3
Республика Дагестан,2.15,2.3833333333333333,1.4666666666666668,1.3166666666666667,1.2833333333333334,1.4333333333333333,1.816666666666667,2.3666666666666667,1.3833333333333335,1.2,1.2,1.1833333333333333,1.366666666666667,1.7,2.066666666666667,2.183333333333333,1.1833333333333333,1.1833333333333333,1.1833333333333333,1.3166666666666667,1.6666666666666667,2.1333333333333333,1.4833333333333332,1.2833333333333332,1.3166666666666667,1.3499999999999999,1.45,1.9000000000000001,2.0833333333333335,1.4333333333333333,1.3,1.3666666666666665,1.4166666666666667,1.6666666666666667,2.266666666666667,2.65,2.8833333333333333,3.1166666666666667,3.233333333333333,3.766666666666667,3.6333333333333333,3.6333333333333333,3.566666666666667,3.233333333333333,3.0499999999999994,3,2.866666666666667,2.9000000000000004,2.933333333333333,3.1999999999999997,2.6833333333333336,2.6999999999999997,2.6833333333333336,2.8833333333333333,2.8333333333333335,3.15,3.3333333333333326,3.0999999999999996,3.1833333333333336,3.266666666666666,3.233333333333333,3.383333333333334,3.6166666666666667
Республика Ингушетия,1.7,1.5,0.3,0.3,0.3,0.5,1,1.9,0.3,0.3,0.2,0.2,0.4,0.9,1.4,1.3,0.2,0.2,0.2,0.4,0.9,1.7,0.4,0.8,1,0.9,1,1.4,1.7,0.8,0.8,0.9,0.9,1.1,1.6,2.4,2.9,3.3,3.3,3.3,3.2,3.1,3.2,2.5,2.3,2.4,2.3,2.4,2.5,3,2.4,2.5,2.3,2.7,2.7,2.8,3,2.5,2.7,2.7,2.7,3,3.1
Республика Калмыкия,2.5,2.6,2.6,0.8,0.7,0.8,1.9,2.5,0.8,0.8,0.6,0.6,0.8,1.9,2.2,2.4,0.8,0.7,0.9,0.7,1.9,2.6,1,1.3,1.4,1.4,1.4,2.2,2.6,1.4,1.5,1.6,1.5,1.7,3,3.8,3.3,3.6,3.6,3.6,3.5,3.7,3.8,3.5,3.3,3.2,3.2,3.1,3.5,3.8,3.1,3.1,3.1,3.2,3.1,3.4,3.6,3.1,3,3,3.1,2.9,3.2
Республика Карелия,3,2.9,1.1,1.1,1.1,1.1,2.6,3,1.2,1.1,1.1,1.1,1.1,2.5,2.8,3,1.1,1.1,1.2,1.1,2.7,3.1,1.3,1.3,1.6,1.6,1.6,2.9,3.2,1.6,1.6,1.6,1.6,1.6,3.3,3.9,3.1,3.2,3.7,3.7,3.7,4.2,4.3,3.3,3.2,3.1,3.2,3.1,3.7,4,3,3,2.9,3,3,3.8,4,2.9,2.8,2.8,2.9,2.9,3.6
Республика Коми,3.1666666666666665,3.266666666666667,1.3333333333333333,1.3333333333333333,1.3666666666666665,1.3,2.6333333333333333,3.233333333333333,1.3666666666666665,1.3666666666666665,1.4666666666666668,1.2333333333333334,1.4333333333333333,2.6,3.1333333333333333,3.233333333333333,1.5333333333333332,1.3,1.3666666666666665,1.4000000000000001,2.6333333333333333,3.233333333333333,1.8333333333333333,1.8333333333333333,1.8666666666666665,1.8666666666666665,1.8,2.966666666666667,3.4000000000000004,1.8333333333333333,1.7666666666666666,1.8,1.9666666666666666,1.9666666666666666,3.3666666666666667,3.9,3.1666666666666665,3.4,3.733333333333334,3.8000000000000003,3.6666666666666665,4.1,4.233333333333333,3.466666666666667,3.466666666666667,3.466666666666667,3.4333333333333336,3.3333333333333335,3.9,4.133333333333333,3.233333333333333,3.2000000000000006,3.1333333333333333,3.266666666666667,3.1,3.7000000000000006,3.966666666666667,3.1,3.1,3.1333333333333333,3.1666666666666665,3.1,3.6333333333333333
Республика Крым,2.9166666666666665,3.25,1.5333333333333332,1.55,1.55,1.5999999999999999,2.533333333333333,2.9166666666666665,1.5333333333333332,1.383333333333333,1.2833333333333334,1.3,1.3,2.1666666666666665,2.55,2.733333333333333,1.3499999999999999,1.416666666666667,1.3499999999999999,1.3499999999999999,2.3666666666666667,3.1666666666666665,1.5166666666666666,1.4666666666666668,2.533333333333333,1.6500000000000001,1.55,2.483333333333333,3.0833333333333335,2,2.016666666666666,1.9666666666666668,1.9500000000000002,2,3.1666666666666665,3.8833333333333333,3.3166666666666664,3.433333333333333,3.566666666666667,3.75,3.8499999999999996,4.083333333333333,4.266666666666667,3.5500000000000003,3.4,3.3333333333333335,3.283333333333333,3.1833333333333336,3.683333333333333,4.016666666666667,3.1833333333333336,3.1,3.4166666666666665,3.3499999999999996,3.283333333333333,3.6999999999999997,3.983333333333333,3.8666666666666667,3.1166666666666667,3.133333333333333,3.0833333333333335,3,3.466666666666667
Республика Марий Эл,2.55,2.85,1,0.95,0.95,0.95,2.35,2.6,1.05,0.8999999999999999,0.8999999999999999,0.8,0.8999999999999999,2.15,2.5,2.8,0.95,0.8,0.8500000000000001,0.8500000000000001,2.05,2.7,0.8500000000000001,0.85,0.9,1.05,1,2.45,2.8,1.4,1.4,1.3,1.2,1.15,2.55,3.15,2.8,3.2,3.55,3.6,3.3499999999999996,3.6,3.75,3.1,2.95,2.8,2.7,2.6500000000000004,3.5,3.8,2.7,2.5,2.45,2.6500000000000004,2.6500000000000004,3.45,3.55,2.6500000000000004,2.9,2.8499999999999996,2.8,2.55,3.25
Республика Мордовия,2.7,2.8,0.7,0.6,0.7,0.7,2.2,2.6,0.7,0.6,0.6,0.5,0.6,2,2.5,2.8,0.6,0.6,0.6,0.7,2,2.8,0.7,0.7,0.7,0.9,0.9,2.4,3,1.3,1.2,1.1,1.1,1,2.8,3.4,2.7,3,3.2,3.2,3.1,3.5,3.8,2.7,2.7,2.6,2.5,2.6,3.6,4,2.6,2.6,2.7,2.6,2.6,3.5,3.7,2.7,2.8,2.8,2.8,2.7,3.4
Республика Саха (Якутия),3,3.05,1.15,1.05,1.05,1,2.25,2.85,1.1,1.05,1.05,0.95,0.95,2.1500000000000004,2.8499999999999996,3,1.1,1.1,1.1,1.1,2.2,3,1.1,1.05,1.5,1.5499999999999998,1.7,2.7,3.25,1.85,1.85,1.9000000000000001,2.15,2,3.35,3.8,3.15,3.35,3.45,3.45,3.25,3.65,3.95,2.9000000000000004,2.9000000000000004,2.85,3.0999999999999996,2.95,3.4000000000000004,3.8,2.95,2.9000000000000004,2.85,2.85,2.85,3.35,3.75,2.9000000000000004,2.9000000000000004,2.9000000000000004,2.85,2.75,3.3
Республика Северная Осетия — Алания,2.6,2.4,0.9,0.8,0.8,0.8,1.9,2.8,1,0.8,0.8,0.7,0.9,1.8,2.3,2.2,0.9,0.8,0.9,0.8,1.9,2.8,1.2,1.2,1.5,1.5,1.4,2.2,2.6,1.3,1.4,1.5,1.6,1.5,2.4,3,2.8,3,3.2,3.5,3.4,3.6,3.7,3,2.8,2.8,2.7,2.5,2.9,3.5,2.4,2.4,2.4,2.7,2.4,2.9,3.4,2.5,2.7,2.7,2.6,2.4,2.8
Республика Татарстан,2.6,2.8888888888888884,1.1444444444444446,1.111111111111111,1.1444444444444444,1.1333333333333333,2.2666666666666666,2.733333333333333,1.1666666666666667,1.0333333333333332,1.0333333333333334,0.9666666666666666,0.9888888888888889,2.111111111111111,2.488888888888889,2.9444444444444446,1.0888888888888888,1,1.0666666666666667,1.0555555555555556,2.077777777777778,2.7666666666666666,1.177777777777778,1.0444444444444443,1.1,1.511111111111111,1.4444444444444446,2.488888888888889,2.911111111111111,1.666666666666667,1.6222222222222225,1.5666666666666667,1.5777777777777777,1.5222222222222221,2.822222222222223,3.3666666666666667,3.0222222222222226,3.211111111111111,3.822222222222222,3.933333333333333,3.755555555555555,3.8333333333333335,3.955555555555555,3.2000000000000006,3.177777777777778,3.0666666666666664,2.922222222222222,2.8888888888888893,3.411111111111111,3.688888888888888,2.966666666666667,2.811111111111111,2.6888888888888896,2.8333333333333335,2.911111111111111,3.422222222222222,3.4444444444444446,2.7222222222222223,2.966666666666667,2.844444444444444,2.8666666666666663,2.7777777777777777,3.2555555555555555
Республика Тыва,1.9,2.2,1.7,0.2,0.2,0.1,1.2,2,0.2,0.1,0.1,0.1,0.1,1.2,1.9,2.2,0.2,0.1,0.1,0.1,1.1,2.2,0.2,0.5,0.5,0.6,0.6,1.7,2.3,0.6,0.7,0.6,0.7,0.7,1.7,2.5,1.8,1.9,2,2.3,2.3,2.8,3.1,2,2,2,2.1,2.1,2.6,3,1.8,1.9,1.7,1.8,1.8,2.4,2.7,1.8,1.7,1.8,1.8,1.8,2.5
Республика Хакасия,2.7,2.7,1.05,1.05,1.1,1.05,2.25,2.85,1.05,1,1,0.9,0.9500000000000001,2.2,2.7,2.9,1,0.95,1,0.9,2.05,2.9000000000000004,1,0.9,1.4,1.4,1.45,2.4,2.8,1.4,1.45,1.4500000000000002,1.35,1.4,2.7,3.25,2.5,2.55,2.9000000000000004,3,2.9000000000000004,3.45,3.6,2.45,2.4,2.3499999999999996,2.55,2.45,3,3.35,2.3,2.3,2.3,2.25,2.25,2.8,3.2,2.2,2.1,2.1,2.15,2.05,2.55
Ростовская область,2.8727272727272726,3.227272727272727,1.3818181818181818,1.2272727272727275,1.2,1.2545454545454546,2.2454545454545456,2.6454545454545455,1.2454545454545456,1.0909090909090908,0.9909090909090907,0.9545454545454546,1.1363636363636365,2.036363636363636,2.3181818181818183,2.7090909090909094,1.1363636363636365,1.1454545454545455,1.1909090909090911,1.0454545454545454,2.1727272727272724,2.854545454545454,1.263636363636364,1.0818181818181818,1.1999999999999997,1.218181818181818,1.3181818181818183,2.2181818181818187,2.9090909090909096,1.6181818181818182,1.6272727272727272,1.4909090909090907,1.5,1.5363636363636362,2.790909090909091,3.463636363636363,3.0090909090909093,3.1818181818181817,3.5,3.5090909090909093,3.372727272727272,3.663636363636364,3.872727272727272,3.1,3.027272727272727,2.9454545454545453,2.890909090909091,2.772727272727273,3.409090909090909,3.7,2.8272727272727276,2.7545454545454544,2.854545454545455,2.8000000000000003,2.809090909090909,3.272727272727273,3.536363636363637,3.0727272727272723,2.7636363636363637,2.754545454545455,2.7272727272727275,2.6363636363636367,3.0454545454545454
Рязанская область,2.8,2.7,0.7,0.7,0.8,0.7,2.2,2.8,0.8,0.7,0.7,0.6,0.7,2,2.6,2.6,0.6,0.5,0.6,0.7,2.1,3,0.7,1,1,1.1,1.1,2.4,2.9,1.2,1.2,1.1,1,1,2.7,3.3,2.7,3.2,3.3,3.3,3.1,3.6,3.9,2.8,2.7,2.6,2.5,2.5,3.3,3.7,2.4,2.4,2.5,2.5,2.4,3.4,3.8,2.5,2.4,2.5,2.4,2.3,3.1
Самаркандская область,2.6,1.4,1.3,1.4,1.7,1.5,1.7,2.6,1.2,1.3,1.3,1.5,1.3,1.7,2.6,1.3,1.3,1.3,1.3,1.3,1.6,2.5,1.9,2.1,2.1,2.1,2.2,3.1,3.1,3,2.8,3,3,3.3,3.6,3.7,4.1,4.2,4.2,4.1,4,4.1,4.2,4,4,4.2,4.2,4.1,4.2,4.4,4.1,4,4.1,3.9,3.9,4,4.1,3.7,3.8,3.8,3.7,3.8,3.9
Самарская область,2.8499999999999996,3.133333333333333,1.3666666666666665,1.1833333333333333,1.2333333333333334,1.2,2.516666666666667,2.8333333333333335,1.25,1.1500000000000001,1.1833333333333333,1.0999999999999999,1.2,2.433333333333333,2.75,3.1333333333333333,1.1500000000000001,1.0833333333333333,1.1666666666666667,1.1500000000000001,2.45,3.0999999999999996,1.3333333333333333,1.4833333333333334,1.5,1.55,1.6833333333333333,2.6833333333333336,3.3166666666666664,2.0333333333333337,1.8333333333333333,1.7833333333333332,1.75,1.6833333333333333,2.9,3.4333333333333336,2.983333333333333,3.0500000000000003,3.4499999999999997,3.533333333333333,3.3166666666666664,3.5000000000000004,3.783333333333333,2.9,2.9500000000000006,2.8333333333333335,2.6666666666666665,2.65,3.0833333333333335,3.6666666666666665,2.5999999999999996,2.4000000000000004,2.3666666666666667,2.483333333333333,2.5666666666666664,3.183333333333333,3.3000000000000003,2.4333333333333336,2.5833333333333335,2.5833333333333335,2.5,2.4499999999999997,2.983333333333333
Санкт-Петербург и Ленинградская область,2.7,2.923076923076923,1.1153846153846154,1.1538461538461537,1.1153846153846154,1.1307692307692307,2.338461538461538,2.8692307692307697,1.192307692307692,1.0846153846153845,1.1307692307692307,1.076923076923077,1.0615384615384615,2.269230769230769,2.5461538461538455,2.7,1.0846153846153848,1.0923076923076922,1.1538461538461537,1.146153846153846,2.369230769230769,2.815384615384615,1.330769230769231,1.2615384615384617,1.4307692307692308,1.4384615384615385,1.4846153846153844,2.5461538461538464,2.9153846153846157,1.5923076923076922,1.6153846153846154,1.6,1.6153846153846156,1.5615384615384613,2.838461538461538,3.484615384615385,3.0999999999999996,3.3230769230769233,3.546153846153847,3.56923076923077,3.4923076923076923,3.7692307692307687,3.9076923076923076,3.0769230769230775,2.8461538461538463,2.838461538461538,2.946153846153846,2.815384615384615,3.384615384615384,3.730769230769231,2.8538461538461535,2.838461538461538,2.7692307692307696,2.7923076923076926,2.7538461538461543,3.430769230769231,3.6923076923076916,2.776923076923077,2.646153846153846,2.6307692307692303,2.592307692307692,2.6230769230769226,3.1076923076923078
Саратовская область,2.8,3,1.2999999999999998,1.1800000000000002,1.1600000000000001,1.1800000000000002,2.34,2.6799999999999997,1.1600000000000001,1.06,1.1,1.0399999999999998,1.1199999999999999,2.24,2.54,2.8,1.02,1.1,1.2,1.2200000000000002,2.54,3.08,1.3800000000000001,1.2200000000000002,1.34,1.4,1.58,2.48,3.38,2.0200000000000005,1.7399999999999998,1.7,1.64,1.6,3.0200000000000005,3.4199999999999995,2.88,3.08,3.28,3.44,3.1799999999999997,3.62,3.8,3.12,3.02,2.9,2.7600000000000002,2.78,3.3199999999999994,3.9200000000000004,2.84,2.64,2.6999999999999997,2.7199999999999998,2.7399999999999993,3.22,3.4200000000000004,3.04,3.04,3.04,2.9200000000000004,2.76,3.2
Сахалинская область,3.1,2.5,0.4,0.4,0.4,0.3,1.9,2.5,0.4,0.5,0.3,0.3,0.4,1.8,2.6,2.7,0.4,2.2,0.3,0.4,1.9,2.6,0.3,0.3,0.6,0.7,0.7,2.6,2.7,0.8,0.8,0.8,0.9,0.9,2.6,3.2,2.3,2.6,2.8,2.8,2.7,3.4,4,2.3,2.3,2.3,2.2,2,3,3.3,1.8,1.8,1.9,1.8,1.7,2.7,3.3,1.7,1.9,1.9,1.7,1.6,2.5
Свердловская область,2.75,3.0666666666666664,1.241666666666667,1.2416666666666667,1.225,1.1916666666666669,2.4583333333333335,2.9249999999999994,1.2333333333333334,1.1666666666666667,1.1083333333333332,1.075,1.116666666666667,2.4,2.7249999999999996,3.0583333333333336,1.2000000000000002,1.1416666666666668,1.0999999999999999,1.175,2.3749999999999996,3.025,1.2,1.2416666666666665,1.216666666666667,1.3,1.383333333333333,2.6750000000000003,3.15,1.5666666666666664,1.5333333333333334,1.55,1.6583333333333334,1.625,3.116666666666666,3.483333333333333,2.9416666666666664,3.1250000000000004,3.2583333333333333,3.4,3.2583333333333333,3.6666666666666674,3.7166666666666672,2.9249999999999994,2.933333333333333,2.891666666666666,2.841666666666667,2.65,3.225000000000001,3.5,2.7000000000000006,2.6750000000000003,2.5833333333333335,2.6,2.583333333333333,3.2083333333333335,3.358333333333333,2.533333333333333,2.4583333333333335,2.6333333333333333,2.583333333333333,2.558333333333333,3.0749999999999997
Смоленская область,2.8000000000000003,2.8333333333333335,1.0333333333333334,1.1666666666666667,1.1666666666666667,1.0666666666666667,2.3000000000000003,2.9,1.0999999999999999,1.0333333333333334,0.9333333333333332,0.8666666666666667,1.0666666666666667,2.0666666666666664,2.566666666666667,2.733333333333333,0.9333333333333332,0.9333333333333332,1,1.0999999999999999,2.3000000000000003,3,1.0999999999999999,1.0333333333333334,1.0333333333333334,1.4000000000000001,1.3333333333333333,2.5,3,1.5999999999999999,1.4666666666666668,1.3666666666666665,1.4000000000000001,1.3666666666666665,2.466666666666667,3.033333333333333,2.766666666666667,2.966666666666667,3.2000000000000006,3.3333333333333335,3.2000000000000006,3.6,3.733333333333333,2.6666666666666665,2.6,2.6666666666666665,2.533333333333333,2.533333333333333,3.1999999999999997,3.4333333333333336,2.4333333333333336,2.533333333333333,2.5666666666666664,2.733333333333333,2.6333333333333333,3.3666666666666667,3.733333333333333,2.6333333333333333,2.5666666666666664,2.566666666666667,2.533333333333333,2.433333333333333,3.033333333333333
Ставропольский край,2.4777777777777774,2.6111111111111107,1.088888888888889,0.8111111111111112,0.8000000000000002,0.8555555555555556,1.911111111111111,2.6444444444444444,0.9666666666666668,0.7888888888888889,0.6888888888888888,0.6999999999999998,0.8444444444444446,1.6444444444444446,2.0444444444444447,2.344444444444444,0.7888888888888891,0.7,0.7666666666666665,0.6999999999999998,1.7888888888888888,2.6444444444444444,1.0777777777777777,1,1.088888888888889,1.1111111111111112,1.088888888888889,2.111111111111111,2.577777777777778,1.3111111111111111,1.3666666666666667,1.2666666666666666,1.3555555555555554,1.3444444444444446,3.011111111111111,3.4555555555555557,3.066666666666667,3,3.5555555555555554,3.677777777777778,3.477777777777778,3.677777777777778,3.8444444444444446,2.8666666666666667,2.7222222222222223,2.677777777777778,2.6,2.522222222222222,3.144444444444444,3.711111111111111,2.6444444444444444,2.6222222222222222,2.577777777777778,2.7333333333333334,2.6222222222222227,3.233333333333333,3.611111111111111,2.8555555555555556,2.7888888888888888,2.755555555555555,2.677777777777778,2.588888888888889,3.0888888888888886
Тамбовская область,2.8,3,1.15,1.0499999999999998,1.0499999999999998,1.15,2.2,2.7,1.1,1,0.8999999999999999,0.8999999999999999,1,2.1500000000000004,2.45,2.85,0.8,0.8,1,1,2.2,3.1,1.15,1.25,1.3,1.45,1.4,2.55,3.1,1.7,1.45,1.35,1.3,1.3,2.75,3.3,2.85,3.05,3.3499999999999996,3.3499999999999996,3.25,3.6,3.8,2.95,2.75,2.7,2.55,2.55,3.2,3.55,2.45,2.3,2.55,2.5,2.5,3.2,3.6,2.7,2.7,2.55,2.45,2.35,2.8
Ташкент,2.9,1.4,1.2,1.3,1.5,1.4,1.9,2.8,1.2,1.1,1.1,1.2,1.1,1.9,2.8,1.3,1.2,1.2,1.2,1.2,1.8,2.8,1.9,2,2,2,2.2,3.4,3.5,3.4,3,3.2,3.3,3.4,3.8,3.9,4.3,4.3,4.4,4.3,4.3,4.4,4.6,4.3,4.3,4.5,4.4,4.4,4.5,4.7,4.4,4.4,4.3,4.3,4.2,4.3,4.5,4.2,4.1,4.1,4.1,4.2,4.3
Тбилиси,3,1.8,2,1.8,1.9,1.9,2.7,3.2,2.2,2.8,2.1,2,2.1,2.6,3,2.1,2.1,2.2,2.2,2.3,2.9,3.2,2.7,3,3.3,3.2,3.4,3.8,4.2,3.7,3.8,3.8,3.8,3.7,4,4.2,3.9,3.9,3.9,4,3.9,4.2,4.2,3.9,4,4,4.1,3.8,4,4.2,3.7,3.7,3.7,3.9,4.3,4.5,4.6,4.6,4.5,4.5,4.4,4.5,4.5
Тверская область,2.85,2.9000000000000004,1.0499999999999998,1.0499999999999998,1.1,1.1,2.5,2.9,1.2000000000000002,1.1,1,0.95,1.1,2.4000000000000004,2.7,2.85,1.0499999999999998,0.95,1,1.2000000000000002,2.55,3.15,1.1,1.05,1.05,1.15,1.25,2.55,3.05,1.4500000000000002,1.35,1.3,1.25,1.35,2.6500000000000004,3.3499999999999996,3.05,3.15,3.3,3.3,3.1500000000000004,3.55,3.8,2.8,2.6500000000000004,2.7,2.5,2.45,3.2,3.45,2.35,2.45,2.45,2.5999999999999996,2.55,3.3499999999999996,3.6500000000000004,2.45,2.4000000000000004,2.45,2.4000000000000004,2.3,3
Томская область,3.0999999999999996,3.15,1.15,1.15,1.2,1.2,2.6500000000000004,3.0999999999999996,1.2,1.1,1.1,1.1,1.15,2.6500000000000004,3,3.25,1.2,1.15,1.15,1.1,2.55,3.2,1.3,1.25,1.4,1.4,1.5,2.85,3.4000000000000004,1.7000000000000002,1.7000000000000002,1.7000000000000002,1.75,1.8,3.2,3.65,2.8,2.85,3.15,3.0999999999999996,3.05,3.55,3.8,2.5999999999999996,2.65,2.65,2.65,2.7,3.5,3.75,2.55,2.45,2.3,2.5,2.35,3.2,3.45,2.3,2.2,2.25,2.15,2.15,3.0999999999999996
Тульская область,2.9499999999999997,3.0500000000000003,1.3333333333333333,1.3666666666666665,1.3666666666666665,1.2833333333333332,2.4833333333333334,2.8499999999999996,1.4333333333333333,1.3,1.2666666666666666,1.1666666666666667,1.3,2.1833333333333336,2.6666666666666665,2.9333333333333336,1.2333333333333334,1.25,1.25,1.3,2.2666666666666666,3.0500000000000003,1.3666666666666665,1.5833333333333333,1.6499999999999997,1.6833333333333336,1.6833333333333336,2.6333333333333333,3.0666666666666664,1.8999999999999997,1.7999999999999998,1.7333333333333334,1.666666666666667,1.6833333333333336,2.8000000000000003,3.3333333333333335,3.0833333333333335,3.3833333333333333,3.4000000000000004,3.35,3.233333333333333,3.4166666666666665,3.7499999999999996,2.8666666666666667,2.8166666666666664,2.766666666666667,2.6166666666666667,2.65,3.1333333333333333,3.4666666666666672,2.5500000000000003,2.65,2.65,2.8000000000000003,2.7166666666666663,3.3333333333333335,3.6666666666666665,2.85,2.6999999999999997,2.783333333333333,2.733333333333333,2.5833333333333335,3.0833333333333335
Туркестанская область,2,0.7,0.5,0.5,0.7,0.5,1.4,1.9,0.5,0.3,0.4,0.4,0.4,1.4,1.9,1.9,0.4,0.4,0.4,0.4,1.3,2,1.1,1.1,1.2,1.2,1.3,2.3,2.4,2.3,2.1,2.2,1.7,1.7,2.5,2.9,2,2,2.4,2.3,2.2,2.7,3.9,3.2,3.2,3.4,3.2,3.1,3.3,3.8,3.1,3,3,3,2.9,3.1,3.5,3.1,3.1,3,3,3.1,3.3
Тюменская область,2.5666666666666664,2.8333333333333335,0.9333333333333335,0.9666666666666668,0.9666666666666668,0.8666666666666667,2.1,2.766666666666667,0.8666666666666667,0.8666666666666667,0.8333333333333334,0.7999999999999999,0.8666666666666667,2.1,2.566666666666667,2.8333333333333335,0.8666666666666667,0.8666666666666667,0.8666666666666667,0.8333333333333334,2.1666666666666665,2.8666666666666667,0.9,0.9666666666666668,1.4000000000000001,1.3666666666666665,1.3666666666666665,2.533333333333333,2.9333333333333336,1.3666666666666665,1.3999999999999997,1.4333333333333336,1.5,1.4333333333333333,3.033333333333333,3.466666666666667,2.933333333333333,3.033333333333333,3.1999999999999997,3.3333333333333335,3.266666666666667,3.6666666666666665,3.9333333333333336,3.0333333333333337,3.233333333333333,3.3333333333333335,3.0666666666666664,2.8666666666666667,3.266666666666667,3.533333333333333,2.566666666666667,2.6999999999999997,2.6666666666666665,2.6333333333333333,2.6666666666666665,3.266666666666667,3.6,2.6333333333333333,2.566666666666667,2.5333333333333337,2.6666666666666665,2.5333333333333337,3.033333333333333
Удмуртская Республика,2.725,3.075,1.15,1.05,1.075,1.05,2.4,2.9749999999999996,1.15,1.05,0.975,0.9500000000000001,1,2.275,2.6,3.0250000000000004,0.9999999999999999,0.9999999999999999,1.0250000000000001,1.1,2.275,2.8999999999999995,1.05,1.0250000000000001,1,1.2,1.15,2.4749999999999996,2.9749999999999996,1.4249999999999998,1.475,1.45,1.4,1.4,3,3.5500000000000003,3,3.125,3.625,3.65,3.425,3.65,3.8499999999999996,2.7,2.775,2.725,2.6,2.575,3.4,3.65,2.625,2.6,2.4750000000000005,2.625,2.6,3.4749999999999996,3.5999999999999996,2.575,2.6999999999999997,2.6999999999999997,2.7750000000000004,2.65,3.425
Ульяновская область,2.8499999999999996,3,1.05,1,1.05,1,2.4,2.8499999999999996,1.1,0.9500000000000001,0.9500000000000001,0.85,0.9500000000000001,2.25,2.6500000000000004,3.1,0.9500000000000001,1,0.9500000000000001,0.9500000000000001,2.25,3,1.1,1.35,1.35,1.4500000000000002,1.4500000000000002,2.6,3.1500000000000004,1.7,1.5499999999999998,1.4500000000000002,1.4500000000000002,1.4,2.7,3.1500000000000004,2.9,3.1500000000000004,3.45,3.45,3.25,3.45,3.75,2.95,2.9,2.8,2.6500000000000004,2.6,3.2,3.6500000000000004,2.8,2.6,2.5,2.6,2.6500000000000004,3.3499999999999996,3.4,2.55,2.6500000000000004,2.7,2.6500000000000004,2.5,3.05
Ферганская область,2.6,1.5,1.2,1.2,1.5,1.4,1.8,2.7,1.2,1.1,1.1,1.2,1.1,1.7,2.5,1.2,1.1,1.2,1.1,1.2,1.6,2.6,1.7,1.8,1.9,1.9,2,3,3,2.9,2.4,2.6,2.7,2.9,3.5,3.8,3.8,3.8,3.9,3.9,3.8,3.9,4.1,3.7,3.8,3.9,4,3.8,4,4.2,3.8,3.8,3.9,3.7,3.7,3.8,4,3.5,3.5,3.6,3.6,3.7,3.8
Хабаровский край,2.85,2.95,1.0499999999999998,1.2000000000000002,1,1,2.25,2.95,0.95,0.9,0.9,0.85,0.85,2.15,2.8,3,0.95,1,0.95,1.05,2.2,2.9000000000000004,0.95,0.95,0.95,1.0499999999999998,1.0499999999999998,2.35,2.95,1.25,1.2,1.25,1.3,1.4,2.85,3.35,2.45,2.7,2.8,2.9000000000000004,2.9000000000000004,3.6,3.8499999999999996,2.55,2.7,2.5999999999999996,2.4000000000000004,2.3,2.95,3.3,2.0999999999999996,2.3,2.0999999999999996,2.0999999999999996,2.05,2.8,3.25,2.25,2.65,2.8499999999999996,2.55,2.35,3
Ханты-Мансийский автономный округ - Югра,2.85,3.016666666666667,0.9666666666666667,0.9,0.8833333333333334,0.8333333333333334,2.316666666666667,2.8333333333333335,0.8666666666666667,0.8333333333333334,0.8166666666666668,0.8666666666666666,0.9333333333333335,2.35,2.8333333333333335,3.016666666666667,0.9500000000000001,0.9166666666666669,0.8833333333333333,0.8833333333333334,2.2833333333333337,2.9166666666666665,0.9333333333333335,0.9333333333333332,0.9833333333333334,1.2833333333333334,1.3499999999999999,2.6333333333333333,3.1833333333333336,1.4666666666666666,1.4333333333333333,1.4166666666666667,1.5333333333333332,1.5499999999999998,3.0666666666666664,3.6,2.8666666666666667,2.983333333333333,3.15,3.283333333333333,3.216666666666667,3.716666666666667,3.983333333333333,2.9166666666666665,2.9333333333333336,3.033333333333333,2.9333333333333336,2.75,3.283333333333333,3.5499999999999994,2.5500000000000003,2.4833333333333334,2.516666666666666,2.4833333333333334,2.466666666666667,3.2000000000000006,3.483333333333334,2.4333333333333336,2.516666666666666,2.4,2.516666666666667,2.4000000000000004,3.0833333333333335
Челябинская область,2.8125,3.1625,1.3250000000000002,1.35,1.375,1.2750000000000001,2.5375,2.9875,1.2750000000000001,1.2249999999999999,1.175,1.1749999999999998,1.2375,2.4375,2.725,3.1,1.3,1.2625000000000002,1.25,1.2625000000000002,2.475,3.15,1.3625,1.3,1.325,1.3125,1.375,2.6875,3.175,1.675,1.6749999999999998,1.6374999999999997,1.7125,1.775,3.175,3.6125,3.125,3.2375,3.5,3.6124999999999994,3.4625,3.8249999999999997,3.875,3.1999999999999997,3.225,3.1249999999999996,3.0124999999999997,2.8125000000000004,3.25,3.5625,2.775,2.775,2.5875,2.6,2.5875,3.2125,3.3249999999999997,2.6000000000000005,2.4499999999999997,2.6125000000000003,2.6000000000000005,2.5124999999999997,3.0875
Чеченская Республика,2.025,2.1,1.4249999999999998,1.325,1.275,1.4249999999999998,1.7750000000000001,2.175,1.325,1.225,1.175,1.225,1.35,1.5499999999999998,1.65,1.825,1.25,1.1749999999999998,1.1749999999999998,1.3,1.6500000000000001,2.05,1.475,1.775,1.85,1.775,1.7,1.925,1.9500000000000002,1.875,1.6500000000000001,1.875,1.925,2.175,2.85,3.5999999999999996,3.6500000000000004,3.6750000000000003,3.375,3.575,3.375,3.35,3.7750000000000004,3.55,3.35,3.325,3.2,3.2249999999999996,3.6,4.0249999999999995,3.5,3.375,3.325,3.575,3.1500000000000004,4.075,4.025,2.925,3.2,3.35,3.3,3.4,3.625
Чувашская Республика,2.75,2.9000000000000004,1.05,0.95,1,1,2.35,2.7,1.05,0.95,0.95,0.8999999999999999,0.9,2.15,2.5999999999999996,2.75,1,0.8,0.95,1,2.15,2.75,0.9,0.95,0.95,1.15,1.15,2.45,2.9000000000000004,1.4,1.5,1.4,1.4,1.3,2.5999999999999996,3.3,2.8,3.0999999999999996,3.4000000000000004,3.4000000000000004,3.2,3.55,3.8,3,2.85,2.8,2.75,2.75,3.65,4.05,2.85,2.75,2.7,2.85,2.8,3.5,3.7,2.75,3,2.95,2.85,2.7,3.35
Ямало-Ненецкий автономный округ,3.05,3.15,0.95,0.8500000000000001,0.8999999999999999,0.8500000000000001,2.2,3,0.8999999999999999,0.8500000000000001,0.8,0.8500000000000001,1,2.5,3.05,3.2,0.95,0.8999999999999999,0.8500000000000001,0.9,2.25,2.95,0.8999999999999999,0.95,1.25,1.3,1.4,2.7,3.25,1.45,1.4,1.35,1.4,1.45,2.95,3.45,2.9000000000000004,2.95,3.15,3.25,3.25,3.75,4.05,3.15,3.2,3.15,3.2,3.05,3.6,3.8499999999999996,2.95,2.9,2.85,2.85,2.85,3.45,3.75,2.85,2.8,2.85,2.9000000000000004,2.85,3.45
Ярославская область,2.95,2.95,1.0499999999999998,1,1,1,2.45,2.9,1.1,1,0.95,0.8999999999999999,1,2.35,2.7,2.95,1.0499999999999998,1.1,0.95,1.0499999999999998,2.35,3,1,0.95,1.2,1.3,1.25,2.6,3.1500000000000004,1.45,1.35,1.3,1.3,1.3,2.7,3.45,3.15,3.3,3.4,3.4,3.35,3.6500000000000004,3.95,3,2.9000000000000004,2.8,2.65,2.75,3.5,3.6,2.65,2.75,2.65,2.65,2.65,3.4,3.6,2.6,2.5,2.7,2.65,2.55,3.2